<?xml version="1.1" encoding="UTF-8"?>
<expression:EMFExpression xmi:version="2.0" xmlns:xmi="http://www.omg.org/XMI" xmlns:expression="http:///expression.ecore" id="tMap_5=>" expression="row7.idEqu+row8.InsNumeroInstall+row7.idDate">
  <variables name="row7.idEqu" value="null" talendType="id_String" nullable="true"/>
  <variables name="row7.nbParticipantsHomme" value="null" talendType="id_Integer" nullable="true"/>
  <variables name="row7.nbSpectateursHomme" value="null" talendType="id_Integer" nullable="true"/>
  <variables name="row7.nbSpectateursFemme" value="null" talendType="id_Integer" nullable="true"/>
  <variables name="row7.idDate" value="null" talendType="id_String" nullable="true"/>
  <variables name="row7.nbParticipantsFemmeMineur" value="null" talendType="id_String" nullable="true"/>
  <variables name="row7.nbParticipantsHommeMineur" value="null" talendType="id_String" nullable="true"/>
  <variables name="row7.nbParticipantsFemme" value="null" talendType="id_String" nullable="true"/>
  <variables name="row7.nbParticipantsHommeAgee" value="null" talendType="id_String" nullable="true"/>
  <variables name="row7.nbParticipantsFemmeAgee" value="null" talendType="id_String" nullable="true"/>
  <variables name="row8.DepCode" value="null" talendType="id_String" nullable="true"/>
  <variables name="row8.DepLib" value="null" talendType="id_String" nullable="true"/>
  <variables name="row8.ComInsee" value="null" talendType="id_String" nullable="true"/>
  <variables name="row8.ComLib" value="null" talendType="id_String" nullable="true"/>
  <variables name="row8.InsNumeroInstall" value="null" talendType="id_String" nullable="true"/>
  <variables name="row8.InsNom" value="null" talendType="id_String" nullable="true"/>
  <variables name="row8.InsNoVoie" value="null" talendType="id_String" nullable="true"/>
  <variables name="row8.InsLibelleVoie" value="null" talendType="id_String" nullable="true"/>
  <variables name="row8.InsLieuDit" value="null" talendType="id_String" nullable="true"/>
  <variables name="row8.InsCodePostal" value="null" talendType="id_String" nullable="true"/>
  <variables name="row8.InsArrondissement" value="null" talendType="id_String" nullable="true"/>
  <variables name="row8.InsPartLibelle" value="null" talendType="id_String" nullable="true"/>
  <variables name="row8.InsMultiCommune" value="null" talendType="id_Integer" nullable="true"/>
  <variables name="row8.InsNbCouvert" value="null" talendType="id_Integer" nullable="true"/>
  <variables name="row8.InsNbLit" value="null" talendType="id_Integer" nullable="true"/>
  <variables name="row8.InsInternat" value="null" talendType="id_Integer" nullable="true"/>
  <variables name="row8.InsAccessibiliteAucun" value="null" talendType="id_Integer" nullable="true"/>
  <variables name="row8.InsAccessibiliteHandiMoteur" value="null" talendType="id_Integer" nullable="true"/>
  <variables name="row8.InsAccessibiliteHandiSens" value="null" talendType="id_Integer" nullable="true"/>
  <variables name="row8.InsNbPlaceParking" value="null" talendType="id_Integer" nullable="true"/>
  <variables name="row8.InsNbPlaceParkingHandi" value="null" talendType="id_Integer" nullable="true"/>
  <variables name="row8.InsGardiennee" value="null" talendType="id_String" nullable="true"/>
  <variables name="row8.InsEmpriseFonciere" value="null" talendType="id_Integer" nullable="true"/>
  <variables name="row8.InsTransportMetro" value="null" talendType="id_Integer" nullable="true"/>
  <variables name="row8.InsTransportBus" value="null" talendType="id_Integer" nullable="true"/>
  <variables name="row8.InsTransportTram" value="null" talendType="id_Integer" nullable="true"/>
  <variables name="row8.InsTransportTrain" value="null" talendType="id_Integer" nullable="true"/>
  <variables name="row8.InsTransportBateau" value="null" talendType="id_Integer" nullable="true"/>
  <variables name="row8.InsTransportAutre" value="null" talendType="id_Integer" nullable="true"/>
  <variables name="row8.InsDateCreation" value="null" talendType="id_Date" nullable="true"/>
  <variables name="row8.InsDateMaj" value="null" talendType="id_Date" nullable="true"/>
  <variables name="row8.Nb_FicheEquipement" value="null" talendType="id_Integer" nullable="true"/>
  <variables name="row8.Nb_Equipements" value="null" talendType="id_Integer" nullable="true"/>
  <variables name="row10.DepCode" value="null" talendType="id_String" nullable="true"/>
  <variables name="row10.DepLib" value="null" talendType="id_String" nullable="true"/>
  <variables name="row10.ComInsee" value="null" talendType="id_String" nullable="true"/>
  <variables name="row10.ComLib" value="null" talendType="id_String" nullable="true"/>
  <variables name="row10.InsNumeroInstall" value="null" talendType="id_String" nullable="true"/>
  <variables name="row10.InsNom" value="null" talendType="id_String" nullable="true"/>
  <variables name="row10.EquipementId" value="null" talendType="id_String" nullable="true"/>
  <variables name="row10.EquNom" value="null" talendType="id_String" nullable="true"/>
  <variables name="row10.EquNomBatiment" value="null" talendType="id_String" nullable="true"/>
  <variables name="row10.EquNbEquIdentique" value="null" talendType="id_Integer" nullable="true"/>
  <variables name="row10.EquipementTypeCode" value="null" talendType="id_Integer" nullable="true"/>
  <variables name="row10.EquipementTypeLib" value="null" talendType="id_String" nullable="true"/>
  <variables name="row10.GestionTypeProprietairePrincLib" value="null" talendType="id_String" nullable="true"/>
  <variables name="row10.GestionTypeGestionnairePrincLib" value="null" talendType="id_String" nullable="true"/>
  <variables name="row10.GestionTypeProprietaireSecLib" value="null" talendType="id_String" nullable="true"/>
  <variables name="row10.GestionTypeGestionnaireSecLib" value="null" talendType="id_String" nullable="true"/>
  <variables name="row10.EquGestionDSP" value="null" talendType="id_Integer" nullable="true"/>
  <variables name="row10.EquDouche" value="null" talendType="id_Integer" nullable="true"/>
  <variables name="row10.EquEclairage" value="null" talendType="id_Integer" nullable="true"/>
  <variables name="row10.EquErpCTS" value="null" talendType="id_Integer" nullable="true"/>
  <variables name="row10.EquErpREF" value="null" talendType="id_Integer" nullable="true"/>
  <variables name="row10.EquErpL" value="null" talendType="id_Integer" nullable="true"/>
  <variables name="row10.EquErpN" value="null" talendType="id_Integer" nullable="true"/>
  <variables name="row10.EquErpO" value="null" talendType="id_Integer" nullable="true"/>
  <variables name="row10.EquErpOA" value="null" talendType="id_Integer" nullable="true"/>
  <variables name="row10.EquErpP" value="null" talendType="id_Integer" nullable="true"/>
  <variables name="row10.EquErpPA" value="null" talendType="id_Integer" nullable="true"/>
  <variables name="row10.EquErpR" value="null" talendType="id_Integer" nullable="true"/>
  <variables name="row10.EquErpRPE" value="null" talendType="id_Integer" nullable="true"/>
  <variables name="row10.EquErpSG" value="null" talendType="id_Integer" nullable="true"/>
  <variables name="row10.EquErpX" value="null" talendType="id_Integer" nullable="true"/>
  <variables name="row10.EquErpCategorie" value="null" talendType="id_String" nullable="true"/>
  <variables name="row10.EquAnneeService" value="null" talendType="id_String" nullable="true"/>
  <variables name="row10.AnneeServiceLib" value="null" talendType="id_String" nullable="true"/>
  <variables name="row10.EquNbPlaceTribune" value="null" talendType="id_Integer" nullable="true"/>
  <variables name="row10.NatureSolLib" value="null" talendType="id_String" nullable="true"/>
  <variables name="row10.NatureLibelle" value="null" talendType="id_String" nullable="true"/>
  <variables name="row10.EquHauteurEvolution" value="null" talendType="id_String" nullable="true"/>
  <variables name="row10.EquLongueurEvolution" value="null" talendType="id_String" nullable="true"/>
  <variables name="row10.EquLargeurEvolution" value="null" talendType="id_String" nullable="true"/>
  <variables name="row10.EquSurfaceEvolution" value="null" talendType="id_String" nullable="true"/>
  <variables name="row10.EquHauteurSurfaceEvo" value="null" talendType="id_String" nullable="true"/>
  <variables name="row10.EquNbCouloirPiste" value="null" talendType="id_String" nullable="true"/>
  <variables name="row10.EquNbVestiaireSpo" value="null" talendType="id_Integer" nullable="true"/>
  <variables name="row10.EquVestiaireSpoChauffe" value="null" talendType="id_Integer" nullable="true"/>
  <variables name="row10.EquNbVestiaireArbitre" value="null" talendType="id_Integer" nullable="true"/>
  <variables name="row10.EquSanitaireSportif" value="null" talendType="id_Integer" nullable="true"/>
  <variables name="row10.EquSanitairePublic" value="null" talendType="id_Integer" nullable="true"/>
  <variables name="row10.EquOuvertSaison" value="null" talendType="id_Integer" nullable="true"/>
  <variables name="row10.EquProximite" value="null" talendType="id_Integer" nullable="true"/>
  <variables name="row10.EquSono" value="null" talendType="id_Integer" nullable="true"/>
  <variables name="row10.EquTableauFixe" value="null" talendType="id_Integer" nullable="true"/>
  <variables name="row10.EquChrono" value="null" talendType="id_Integer" nullable="true"/>
  <variables name="row10.EquAmenagementAucun" value="null" talendType="id_Integer" nullable="true"/>
  <variables name="row10.EquUtilScolaire" value="null" talendType="id_String" nullable="true"/>
  <variables name="row10.EquUtilClub" value="null" talendType="id_String" nullable="true"/>
  <variables name="row10.EquUtilAutre" value="null" talendType="id_String" nullable="true"/>
  <variables name="row10.EquUtilIndividuel" value="null" talendType="id_String" nullable="true"/>
  <variables name="row10.EquUtilPerformance" value="null" talendType="id_String" nullable="true"/>
  <variables name="row10.EquUtilFormation" value="null" talendType="id_String" nullable="true"/>
  <variables name="row10.EquUtilRecreation" value="null" talendType="id_String" nullable="true"/>
  <variables name="row10.EquDateDernierTravauxReal" value="null" talendType="id_String" nullable="true"/>
  <variables name="row10.AnneeTravauxRealLibelle" value="null" talendType="id_String" nullable="true"/>
  <variables name="row10.EquDateDernierTravauxAucun" value="null" talendType="id_Integer" nullable="true"/>
  <variables name="row10.EquTravauxRealConformite" value="null" talendType="id_Integer" nullable="true"/>
  <variables name="row10.EquTravauxRealNorme" value="null" talendType="id_Integer" nullable="true"/>
  <variables name="row10.EquTravauxRealUsager" value="null" talendType="id_Integer" nullable="true"/>
  <variables name="row10.EquTravauxRealDegradation" value="null" talendType="id_Integer" nullable="true"/>
  <variables name="row10.EquTravauxRealVetuste" value="null" talendType="id_Integer" nullable="true"/>
  <variables name="row10.EquAccesHandimAire" value="null" talendType="id_String" nullable="true"/>
  <variables name="row10.EquAccesHandimTribune" value="null" talendType="id_String" nullable="true"/>
  <variables name="row10.EquAccesHandimVestiaire" value="null" talendType="id_String" nullable="true"/>
  <variables name="row10.EquAccesHandimSaniSpo" value="null" talendType="id_String" nullable="true"/>
  <variables name="row10.EquAccesHandimSaniPub" value="null" talendType="id_String" nullable="true"/>
  <variables name="row10.EquAccesHandimAucun" value="null" talendType="id_String" nullable="true"/>
  <variables name="row10.EquAccesHandisAucun" value="null" talendType="id_String" nullable="true"/>
  <variables name="row10.EquAccesHandisAire" value="null" talendType="id_String" nullable="true"/>
  <variables name="row10.EquAccesHandisTribune" value="null" talendType="id_String" nullable="true"/>
  <variables name="row10.EquAccesHandisVestiaire" value="null" talendType="id_String" nullable="true"/>
  <variables name="row10.EquAccesHandisSaniSpo" value="null" talendType="id_String" nullable="true"/>
  <variables name="row10.EquAccesHandisSaniPub" value="null" talendType="id_String" nullable="true"/>
  <variables name="row10.EquAccueilClub" value="null" talendType="id_Integer" nullable="true"/>
  <variables name="row10.EquAccueilSalle" value="null" talendType="id_Integer" nullable="true"/>
  <variables name="row10.EquAccueilBuvette" value="null" talendType="id_Integer" nullable="true"/>
  <variables name="row10.EquAccueilDopage" value="null" talendType="id_Integer" nullable="true"/>
  <variables name="row10.EquAccueilMedic" value="null" talendType="id_Integer" nullable="true"/>
  <variables name="row10.EquAccueilInfirmerie" value="null" talendType="id_Integer" nullable="true"/>
  <variables name="row10.EquAccueilBureau" value="null" talendType="id_Integer" nullable="true"/>
  <variables name="row10.EquAccueilReception" value="null" talendType="id_Integer" nullable="true"/>
  <variables name="row10.EquAccueilLocalRangement" value="null" talendType="id_Integer" nullable="true"/>
  <variables name="row10.EquAccueilAutre" value="null" talendType="id_Integer" nullable="true"/>
  <variables name="row10.EquAccueilAucun" value="null" talendType="id_Integer" nullable="true"/>
  <variables name="row10.EquChauffageNon" value="null" talendType="id_Integer" nullable="true"/>
  <variables name="row10.EquChauffageFuel" value="null" talendType="id_Integer" nullable="true"/>
  <variables name="row10.EquChauffageGaz" value="null" talendType="id_Integer" nullable="true"/>
  <variables name="row10.EquChauffageElectricite" value="null" talendType="id_Integer" nullable="true"/>
  <variables name="row10.EquChauffageSolaire" value="null" talendType="id_Integer" nullable="true"/>
  <variables name="row10.EquChauffageAutre" value="null" talendType="id_Integer" nullable="true"/>
  <variables name="row10.EquConfortSauna" value="null" talendType="id_Integer" nullable="true"/>
  <variables name="row10.EquConfortBainBouillonant" value="null" talendType="id_Integer" nullable="true"/>
  <variables name="row10.EquConfortBainVapeur" value="null" talendType="id_Integer" nullable="true"/>
  <variables name="row10.EquConfortSolarium" value="null" talendType="id_Integer" nullable="true"/>
  <variables name="row10.EquConfortAutre" value="null" talendType="id_Integer" nullable="true"/>
  <variables name="row10.EquConfortAucun" value="null" talendType="id_Integer" nullable="true"/>
  <variables name="row10.EquDemarcheHQE" value="null" talendType="id_Integer" nullable="true"/>
  <variables name="row10.EquSaeNbCouloir" value="null" talendType="id_String" nullable="true"/>
  <variables name="row10.EquSaeHauteur" value="null" talendType="id_String" nullable="true"/>
  <variables name="row10.EquSaeSurface" value="null" talendType="id_String" nullable="true"/>
  <variables name="row10.EquNatureSignal" value="null" talendType="id_String" nullable="true"/>
  <variables name="row10.EquNatureAlert" value="null" talendType="id_String" nullable="true"/>
  <variables name="row10.EquNatureAcPubPed" value="null" talendType="id_String" nullable="true"/>
  <variables name="row10.EquNatureAcPubRout" value="null" talendType="id_String" nullable="true"/>
  <variables name="row10.EquNatureAcPubMec" value="null" talendType="id_String" nullable="true"/>
  <variables name="row10.EquNatureAcPubNau" value="null" talendType="id_String" nullable="true"/>
  <variables name="row10.EquNatureAcSecPed" value="null" talendType="id_String" nullable="true"/>
  <variables name="row10.EquNatureAcSecRout" value="null" talendType="id_String" nullable="true"/>
  <variables name="row10.EquNatureAcSecMec" value="null" talendType="id_String" nullable="true"/>
  <variables name="row10.EquNatureAcSecNau" value="null" talendType="id_String" nullable="true"/>
  <variables name="row10.EquNatureLocTec" value="null" talendType="id_String" nullable="true"/>
  <variables name="row10.EquNatureLocPed" value="null" talendType="id_String" nullable="true"/>
  <variables name="row10.EquNatureAutorise" value="null" talendType="id_String" nullable="true"/>
  <variables name="row10.EquNaturePDESI" value="null" talendType="id_String" nullable="true"/>
  <variables name="row10.EquipNatureSituationLib" value="null" talendType="id_String" nullable="true"/>
  <variables name="row10.EquNatureSEVoies" value="null" talendType="id_String" nullable="true"/>
  <variables name="row10.EquNatureClassFedeMini" value="null" talendType="id_String" nullable="true"/>
  <variables name="row10.EquNatureClassFedeMaxi" value="null" talendType="id_String" nullable="true"/>
  <variables name="row10.EquNatureESTour" value="null" talendType="id_String" nullable="true"/>
  <variables name="row10.EquNatureAETreuil" value="null" talendType="id_String" nullable="true"/>
  <variables name="row10.EquNatureSKAltitudeBasse" value="null" talendType="id_String" nullable="true"/>
  <variables name="row10.EquNatureSKAltitudeHaute" value="null" talendType="id_String" nullable="true"/>
  <variables name="row10.EquNatureSKDebit" value="null" talendType="id_String" nullable="true"/>
  <variables name="row10.EquNatureSKTotalRemontee" value="null" talendType="id_String" nullable="true"/>
  <variables name="row10.EquNatureSKNbKMSkiAlpin" value="null" talendType="id_String" nullable="true"/>
  <variables name="row10.EquNatureSKNbKMSkiNordique" value="null" talendType="id_String" nullable="true"/>
  <variables name="row10.EquNatureSHNbPisteNeigeArti" value="null" talendType="id_String" nullable="true"/>
  <variables name="row10.EquNatureSKSnowPark" value="null" talendType="id_String" nullable="true"/>
  <variables name="row10.EquNatureSKHalfpipe" value="null" talendType="id_String" nullable="true"/>
  <variables name="row10.EquNatureSKKmLance" value="null" talendType="id_String" nullable="true"/>
  <variables name="row10.EquNatureSKBorder" value="null" talendType="id_String" nullable="true"/>
  <variables name="row10.EquNatureSKSlalom" value="null" talendType="id_String" nullable="true"/>
  <variables name="row10.EquNatureSKTremplin" value="null" talendType="id_String" nullable="true"/>
  <variables name="row10.EquNatureSKJardinAlpin" value="null" talendType="id_String" nullable="true"/>
  <variables name="row10.EquNatureSKJardinNordique" value="null" talendType="id_String" nullable="true"/>
  <variables name="row10.EquipementTir10" value="null" talendType="id_String" nullable="true"/>
  <variables name="row10.EquipementTir25" value="null" talendType="id_String" nullable="true"/>
  <variables name="row10.EquipementTir50" value="null" talendType="id_String" nullable="true"/>
  <variables name="row10.EquipementTir100" value="null" talendType="id_String" nullable="true"/>
  <variables name="row10.EquipementTir200" value="null" talendType="id_String" nullable="true"/>
  <variables name="row10.EquipementTir300" value="null" talendType="id_String" nullable="true"/>
  <variables name="row10.EquipementTirPlateau" value="null" talendType="id_String" nullable="true"/>
  <variables name="row10.EquipementTirAutre" value="null" talendType="id_String" nullable="true"/>
  <variables name="row10.EquAthDev" value="null" talendType="id_String" nullable="true"/>
  <variables name="row10.EquAthLongLigneDroite" value="null" talendType="id_String" nullable="true"/>
  <variables name="row10.EquAthNbCouloirLigne" value="null" talendType="id_String" nullable="true"/>
  <variables name="row10.EquAthNbCouloirHorsLigne" value="null" talendType="id_String" nullable="true"/>
  <variables name="row10.EquAthRiviere" value="null" talendType="id_String" nullable="true"/>
  <variables name="row10.EquNatSurv" value="null" talendType="id_String" nullable="true"/>
  <variables name="row10.EquAthNbSautTotal" value="null" talendType="id_String" nullable="true"/>
  <variables name="row10.EquAthNbSautHauteur" value="null" talendType="id_String" nullable="true"/>
  <variables name="row10.EquAthNbSautLongueur" value="null" talendType="id_String" nullable="true"/>
  <variables name="row10.EquAthNbSautTriple" value="null" talendType="id_String" nullable="true"/>
  <variables name="row10.EquAthNbSautPerche" value="null" talendType="id_String" nullable="true"/>
  <variables name="row10.EquAthNbLancerTotal" value="null" talendType="id_String" nullable="true"/>
  <variables name="row10.EquAthNbPoids" value="null" talendType="id_String" nullable="true"/>
  <variables name="row10.EquAthNbDisque" value="null" talendType="id_String" nullable="true"/>
  <variables name="row10.EquAthNbJavelot" value="null" talendType="id_String" nullable="true"/>
  <variables name="row10.EquAthNbMarteau" value="null" talendType="id_String" nullable="true"/>
  <variables name="row10.EquAthNBMarteauMixte" value="null" talendType="id_String" nullable="true"/>
  <variables name="row10.EquNatFormeLib" value="null" talendType="id_String" nullable="true"/>
  <variables name="row10.EquNatLongueurBassin" value="null" talendType="id_String" nullable="true"/>
  <variables name="row10.EquNatLargeurBassin" value="null" talendType="id_String" nullable="true"/>
  <variables name="row10.EquNatSurfaceBassin" value="null" talendType="id_String" nullable="true"/>
  <variables name="row10.EquNatProfMini" value="null" talendType="id_String" nullable="true"/>
  <variables name="row10.EquNatProfMax" value="null" talendType="id_String" nullable="true"/>
  <variables name="row10.EquNatCouloir" value="null" talendType="id_String" nullable="true"/>
  <variables name="row10.EquNatSurfacePlageBassin" value="null" talendType="id_String" nullable="true"/>
  <variables name="row10.EquNatNbTTotal" value="null" talendType="id_String" nullable="true"/>
  <variables name="row10.EquNatNbT1" value="null" talendType="id_String" nullable="true"/>
  <variables name="row10.EquNatNbT3" value="null" talendType="id_String" nullable="true"/>
  <variables name="row10.EquNatNbPTotal" value="null" talendType="id_String" nullable="true"/>
  <variables name="row10.EquNatNbP3" value="null" talendType="id_String" nullable="true"/>
  <variables name="row10.EquNatNbP5" value="null" talendType="id_String" nullable="true"/>
  <variables name="row10.EquNatNbP7" value="null" talendType="id_String" nullable="true"/>
  <variables name="row10.EquNatNbP10" value="null" talendType="id_String" nullable="true"/>
  <variables name="row10.EquNatMaV" value="null" talendType="id_String" nullable="true"/>
  <variables name="row10.EquNatTobog" value="null" talendType="id_String" nullable="true"/>
  <variables name="row10.EquNatPentaglisse" value="null" talendType="id_String" nullable="true"/>
  <variables name="row10.EquNatRiviere" value="null" talendType="id_String" nullable="true"/>
  <variables name="row10.EquNatImHandi" value="null" talendType="id_String" nullable="true"/>
  <variables name="row10.EquNatFM" value="null" talendType="id_String" nullable="true"/>
  <variables name="row10.EquNatMM" value="null" talendType="id_String" nullable="true"/>
  <variables name="row10.EquNatEclSub" value="null" talendType="id_String" nullable="true"/>
  <variables name="row10.EquNatSonorisationSub" value="null" talendType="id_String" nullable="true"/>
  <variables name="row10.EquNatAutre" value="null" talendType="id_String" nullable="true"/>
  <variables name="row10.EquPresencePataugeoir" value="null" talendType="id_String" nullable="true"/>
  <variables name="row10.EquGpsX" value="null" talendType="id_Float" nullable="true"/>
  <variables name="row10.EquGpsY" value="null" talendType="id_Float" nullable="true"/>
  <variables name="row10.EquDateCreation" value="null" talendType="id_Date" nullable="true"/>
  <variables name="row10.EquDateMaj" value="null" talendType="id_Date" nullable="true"/>
  <variables name="row9.nbEquIdentique" value="null" talendType="id_Integer" nullable="true"/>
  <variables name="row9.libNivAct" value="null" talendType="id_String" nullable="true"/>
  <variables name="row9._id" value="null" talendType="id_String" nullable="true"/>
  <variables name="row9.libAct" value="null" talendType="id_String" nullable="true"/>
</expression:EMFExpression>
