<?xml version="1.1" encoding="UTF-8"?>
<expression:EMFExpression xmi:version="2.0" xmlns:xmi="http://www.omg.org/XMI" xmlns:expression="http:///expression.ecore" id="tMap_4=>" expression="Numeric.sequence(&quot;3d31c236c3df9760542cb0799ceb5bc0e83545de&quot;,1,1)">
  <variables name="row6.DepCode" value="null" talendType="id_String" nullable="true"/>
  <variables name="row6.DepLib" value="null" talendType="id_String" nullable="true"/>
  <variables name="row6.ComInsee" value="null" talendType="id_String" nullable="true"/>
  <variables name="row6.ComLib" value="null" talendType="id_String" nullable="true"/>
  <variables name="row6.InsNumeroInstall" value="null" talendType="id_String" nullable="true"/>
  <variables name="row6.InsNom" value="null" talendType="id_String" nullable="true"/>
  <variables name="row6.InsNoVoie" value="null" talendType="id_String" nullable="true"/>
  <variables name="row6.InsLibelleVoie" value="null" talendType="id_String" nullable="true"/>
  <variables name="row6.InsLieuDit" value="null" talendType="id_String" nullable="true"/>
  <variables name="row6.InsCodePostal" value="null" talendType="id_String" nullable="true"/>
  <variables name="row6.InsArrondissement" value="null" talendType="id_String" nullable="true"/>
  <variables name="row6.InsPartLibelle" value="null" talendType="id_String" nullable="true"/>
  <variables name="row6.InsMultiCommune" value="null" talendType="id_Integer" nullable="true"/>
  <variables name="row6.InsNbCouvert" value="null" talendType="id_Integer" nullable="true"/>
  <variables name="row6.InsNbLit" value="null" talendType="id_Integer" nullable="true"/>
  <variables name="row6.InsInternat" value="null" talendType="id_Integer" nullable="true"/>
  <variables name="row6.InsAccessibiliteAucun" value="null" talendType="id_Integer" nullable="true"/>
  <variables name="row6.InsAccessibiliteHandiMoteur" value="null" talendType="id_Integer" nullable="true"/>
  <variables name="row6.InsAccessibiliteHandiSens" value="null" talendType="id_Integer" nullable="true"/>
  <variables name="row6.InsNbPlaceParking" value="null" talendType="id_Integer" nullable="true"/>
  <variables name="row6.InsNbPlaceParkingHandi" value="null" talendType="id_Integer" nullable="true"/>
  <variables name="row6.InsGardiennee" value="null" talendType="id_String" nullable="true"/>
  <variables name="row6.InsEmpriseFonciere" value="null" talendType="id_Integer" nullable="true"/>
  <variables name="row6.InsTransportMetro" value="null" talendType="id_Integer" nullable="true"/>
  <variables name="row6.InsTransportBus" value="null" talendType="id_Integer" nullable="true"/>
  <variables name="row6.InsTransportTram" value="null" talendType="id_Integer" nullable="true"/>
  <variables name="row6.InsTransportTrain" value="null" talendType="id_Integer" nullable="true"/>
  <variables name="row6.InsTransportBateau" value="null" talendType="id_Integer" nullable="true"/>
  <variables name="row6.InsTransportAutre" value="null" talendType="id_Integer" nullable="true"/>
  <variables name="row6.InsDateCreation" value="null" talendType="id_Date" nullable="true"/>
  <variables name="row6.InsDateMaj" value="null" talendType="id_Date" nullable="true"/>
  <variables name="row6.Nb_FicheEquipement" value="null" talendType="id_Integer" nullable="true"/>
  <variables name="row6.Nb_Equipements" value="null" talendType="id_Integer" nullable="true"/>
</expression:EMFExpression>
